{"scale":0.0044999998062849049,"touchDistance":100,"touchThoreshold":0.05000000074505806,"minTouchSize":0,"maxTouchSize":500,"touchStartPosition":0,"urgData":[{"ip_address":"192.168.1.10","port_number":10940,"urgStartPosition":5,"topLeft":{"x":1676.685546875,"y":-280.5806579589844},"topRight":{"x":1839.4996337890625,"y":-3186.107666015625},"bottomLeft":{"x":0.0,"y":0.0},"bottomRight":{"x":373.76910400390627,"y":-3157.957763671875},"distanceColor":{"r":1.0,"g":1.0,"b":1.0,"a":1.0},"isDebug":true,"color":{"r":1.0,"g":1.0,"b":1.0,"a":0.08627451211214066}},{"ip_address":"192.168.1.11","port_number":10940,"urgStartPosition":4,"topLeft":{"x":-223.8980712890625,"y":-246.49270629882813},"topRight":{"x":-167.68438720703126,"y":-3199.60888671875},"bottomLeft":{"x":-1679.1270751953125,"y":-489.42108154296877},"bottomRight":{"x":-1623.468505859375,"y":-3186.240234375},"distanceColor":{"r":1.0,"g":1.0,"b":1.0,"a":1.0},"isDebug":true,"color":{"r":1.0,"g":1.0,"b":1.0,"a":0.08627451211214066}}]}