{"scale":0.0044999998062849049,"touchDistance":100,"touchThoreshold":0.05000000074505806,"minTouchSize":0,"maxTouchSize":500,"touchStartPosition":0,"urgData":[{"ip_address":"192.168.1.10","port_number":10940,"urgStartPosition":5,"topLeft":{"x":1482.9493408203125,"y":-268.1609191894531},"topRight":{"x":1832.8994140625,"y":-4165.5830078125},"bottomLeft":{"x":119.49365997314453,"y":-284.9601135253906},"bottomRight":{"x":474.38116455078127,"y":-4008.024169921875},"distanceColor":{"r":1.0,"g":1.0,"b":1.0,"a":1.0},"isDebug":true,"color":{"r":0.0,"g":1.0,"b":0.0,"a":1.0}},{"ip_address":"192.168.1.11","port_number":10940,"urgStartPosition":4,"topLeft":{"x":-208.24359130859376,"y":-147.1720428466797},"topRight":{"x":18.279579162597658,"y":-4188.9599609375},"bottomLeft":{"x":-1685.540283203125,"y":-451.6400146484375},"bottomRight":{"x":-1477.5240478515625,"y":-4059.47314453125},"distanceColor":{"r":1.0,"g":1.0,"b":1.0,"a":1.0},"isDebug":true,"color":{"r":0.0,"g":1.0,"b":0.0,"a":1.0}}]}